<?xml version="1.0" encoding="UTF-8"?>
<beans xmlns="http://www.springframework.org/schema/beans"
       xmlns:xsi="http://www.w3.org/2001/XMLSchema-instance"
       xsi:schemaLocation="http://www.springframework.org/schema/beans http://www.springframework.org/schema/beans/spring-beans.xsd">
<!--    <bean id="apple" class="com.mashibing.methodOverrides.lookup.Apple" scope="prototype"/>-->
<!--    <bean id="banana" class="com.mashibing.methodOverrides.lookup.Banana" scope="prototype" />-->

<!--    <bean id="fruitPlate1" class="com.mashibing.methodOverrides.lookup.FruitPlate">-->
<!--        <lookup-method name="getFruit" bean="apple"/>-->
<!--    </bean>-->
<!--    <bean id="fruitPlate2" class="com.mashibing.methodOverrides.lookup.FruitPlate">-->
<!--        <lookup-method name="getFruit" bean="banana"/>-->
<!--    </bean>-->
    <bean id="dogReplaceMethod" class="com.mashibing.methodOverrides.replace.ReplaceDog"/>
    <bean id="originalDogReplaceMethod" class="com.mashibing.methodOverrides.replace.OriginalDog">
        <replaced-method name="sayHello" replacer="dogReplaceMethod">
            <arg-type match="java.lang.String"></arg-type>
        </replaced-method>
    </bean>
</beans>