<?xml version="1.0" encoding="UTF-8"?>
<beans xmlns="http://www.springframework.org/schema/beans"
       xmlns:xsi="http://www.w3.org/2001/XMLSchema-instance"
       xmlns:context="http://www.springframework.org/schema/context"
       xsi:schemaLocation="http://www.springframework.org/schema/beans http://www.springframework.org/schema/beans/spring-beans.xsd http://www.springframework.org/schema/context https://www.springframework.org/schema/context/spring-context.xsd">

    <context:component-scan base-package="com.mashibing"></context:component-scan>

    <bean id="person" class="com.mashibing.Person" >
        <property name="id" value="1"></property>
        <property name="name" value="zhangsan"></property>
<!--        <constructor-arg name="id" value="1"></constructor-arg>-->
<!--        <constructor-arg name="name" value="lisi"></constructor-arg>-->
    </bean>

</beans>