<?xml version="1.0" encoding="UTF-8"?>
<beans xmlns="http://www.springframework.org/schema/beans"
       xmlns:xsi="http://www.w3.org/2001/XMLSchema-instance"
       xmlns:context="http://www.springframework.org/schema/context"
       xmlns:util="http://www.springframework.org/schema/util"
       xsi:schemaLocation="http://www.springframework.org/schema/beans http://www.springframework.org/schema/beans/spring-beans.xsd http://www.springframework.org/schema/context https://www.springframework.org/schema/context/spring-context.xsd http://www.springframework.org/schema/util https://www.springframework.org/schema/util/spring-util.xsd">

    <!--给复杂类型的赋值都在property标签内进行-->
    <bean id="person" class="com.mashibing.populateBean.Person">
        <property name="name">
            <!--赋空值-->
            <null></null>
        </property>
        <!--通过ref引用其他对象，引用外部bean-->
        <property name="address" ref="address"></property>
        <!--引用内部bean-->
        <!-- <property name="address">
             <bean class="com.mashibing.bean.Address">
                 <property name="province" value="北京"></property>
                 <property name="city" value="北京"></property>
                 <property name="town" value="西城区"></property>
             </bean>
         </property>-->
        <!--为list赋值-->
        <property name="books">
            <list>
                <!--内部bean-->
                <bean id="book1" class="com.mashibing.populateBean.Book">
                    <property name="name" value="多线程与高并发"></property>
                    <property name="author" value="马士兵"></property>
                    <property name="price" value="1000"></property>
                </bean>
                <!--外部bean-->
                <ref bean="book2"></ref>
            </list>
        </property>
        <!--给map赋值-->
        <property name="maps" ref="myMap"></property>
        <!--给property赋值-->
        <property name="properties">
            <props>
                <prop key="aaa">aaa</prop>
                <prop key="bbb">222</prop>
            </props>
        </property>
        <!--给数组赋值-->
        <property name="hobbies">
            <array>
                <value>book</value>
                <value>movie</value>
                <value>game</value>
            </array>
        </property>
        <!--给set赋值-->
        <property name="sets">
            <set>
                <value>111</value>
                <value>222</value>
                <value>222</value>
            </set>
        </property>
    </bean>
    <bean id="address" class="com.mashibing.populateBean.Address">
        <property name="province" value="河北"></property>
        <property name="city" value="邯郸"></property>
        <property name="town" value="武安"></property>
    </bean>
    <bean id="book2" class="com.mashibing.populateBean.Book">
        <property name="name" value="JVM"></property>
        <property name="author" value="马士兵"></property>
        <property name="price" value="1200"></property>
    </bean>
    <!--级联属性-->
    <bean id="person2" class="com.mashibing.populateBean.Person">
        <property name="address" ref="address"></property>
        <property name="address.province" value="北京"></property>
    </bean>
    <!--util名称空间创建集合类型的bean-->
    <util:map id="myMap">
        <entry key="key1" value="value1"></entry>
        <entry key="key2" value-ref="book2"></entry>
        <entry key="key03">
            <bean class="com.mashibing.populateBean.Book">
                <property name="name" value="西游记" ></property>
                <property name="author" value="吴承恩" ></property>
                <property name="price" value="100" ></property>
            </bean>
        </entry>
    </util:map>
</beans>