<?xml version="1.0" encoding="UTF-8"?>
<beans xmlns="http://www.springframework.org/schema/beans"
       xmlns:xsi="http://www.w3.org/2001/XMLSchema-instance"
       xmlns:context="http://www.springframework.org/schema/context"
       xmlns:aop="http://www.springframework.org/schema/aop" xmlns:tx="http://www.springframework.org/schema/tx"
       xsi:schemaLocation="http://www.springframework.org/schema/beans http://www.springframework.org/schema/beans/spring-beans.xsd http://www.springframework.org/schema/context https://www.springframework.org/schema/context/spring-context.xsd http://www.springframework.org/schema/aop https://www.springframework.org/schema/aop/spring-aop.xsd http://www.springframework.org/schema/tx http://www.springframework.org/schema/tx/spring-tx.xsd">
    <context:property-placeholder location="classpath:dbconfig.properties"></context:property-placeholder>
    <bean id="dataSource" class="com.alibaba.druid.pool.DruidDataSource">
        <property name="username" value="${jdbc.username}"></property>
        <property name="password" value="${jdbc.password}"></property>
        <property name="url" value="${jdbc.url}"></property>
        <property name="driverClassName" value="${jdbc.driverClassName}"></property>
    </bean>
    <bean id="jdbcTemplate" class="org.springframework.jdbc.core.JdbcTemplate" >
        <constructor-arg name="dataSource" ref="dataSource"></constructor-arg>
    </bean>
    <bean id="transactionManager" class="org.springframework.jdbc.datasource.DataSourceTransactionManager">
        <property name="dataSource" ref="dataSource"></property>
    </bean>
    <bean id="bookService" class="com.mashibing.tx.xml.service.BookService">
        <property name="bookDao" ref="bookDao"></property>
    </bean>
    <bean id="bookDao" class="com.mashibing.tx.xml.dao.BookDao">
        <property name="jdbcTemplate" ref="jdbcTemplate"></property>
    </bean>
    <aop:config>
        <aop:pointcut id="txPoint" expression="execution(* com.mashibing.tx.xml.*.*.*(..))"/>
        <aop:advisor advice-ref="myAdvice" pointcut-ref="txPoint"></aop:advisor>
    </aop:config>
    <tx:advice id="myAdvice" transaction-manager="transactionManager">
        <tx:attributes>
            <tx:method name="checkout" propagation="REQUIRED" />
            <tx:method name="updateStock" propagation="REQUIRES_NEW" />
        </tx:attributes>
    </tx:advice>
    <bean class="com.mashibing.MyBeanFactoryPostProcessorBySelf"></bean>
</beans>